{"Jungfernstieg": {"actually_use_public_transport": 72.55248758347868, "actually_ride_bike": 16.738435005695266, "want_to_ride_bike": 16.738435005695266, "want_to_use_public_transport": 72.55248758347868, "walking": 1.6302750134098825, "stranded_passengers": 144.87462646014492, "want_to_drive_car": 53.88025985429841, "actually_drive_car": 21}, "Holstenstra\u00dfe": {"actually_use_public_transport": 22.826037938919015, "actually_ride_bike": 3.0910443100764717, "want_to_ride_bike": 3.0910443100764717, "want_to_use_public_transport": 22.826037938919015, "walking": 1.0750173985039884, "stranded_passengers": 45.70202160425209, "want_to_drive_car": 7.184235248127511, "actually_drive_car": 3}, "M\u00fcmmelmannsberg": {"actually_use_public_transport": 7.95682183853211, "actually_ride_bike": 0.0, "want_to_ride_bike": 0.0, "want_to_use_public_transport": 7.95682183853211, "walking": 0.8053271934946429, "stranded_passengers": 165.5296947517874, "want_to_drive_car": 0.0, "actually_drive_car": 0.0}, "Lohm\u00fchlenstra\u00dfe": {"actually_use_public_transport": 29.367029160259772, "actually_ride_bike": 13.728238456915205, "want_to_ride_bike": 13.728238456915205, "want_to_use_public_transport": 29.367029160259772, "walking": 1.1107833891525445, "stranded_passengers": 78.4611167578694, "want_to_drive_car": 34.25506575154188, "actually_drive_car": 5}, "Klosterstern": {"actually_use_public_transport": 14.091388200459221, "actually_ride_bike": 21.795751422646358, "want_to_ride_bike": 21.795751422646358, "want_to_use_public_transport": 14.091388200459221, "walking": 0.976493705361793, "stranded_passengers": 61.44649387422319, "want_to_drive_car": 8.159373703797543, "actually_drive_car": 4}, "Wellingb\u00fcttel": {"actually_use_public_transport": 3.2712017951836354, "actually_ride_bike": 0.0, "want_to_ride_bike": 0.0, "want_to_use_public_transport": 3.2712017951836354, "walking": 0.15982834083472924, "stranded_passengers": 46.64342001705827, "want_to_drive_car": 0.0, "actually_drive_car": 0.0}}