{"Kellinghusenstraße": {"actually_use_public_transport": 13.179209023147042, "want_to_use_public_transport": 13.179209023147042, "actually_ride_bike": 24.475075731460056, "stranded_passengers": 61.44649387422319, "want_to_drive_car": 6.736662531903536, "want_to_ride_bike": 24.475075731460056, "walking": 0.6320597457542844, "actually_drive_car": 4}, "Hamburg Hbf": {"actually_use_public_transport": 100.0412048139035, "want_to_use_public_transport": 100.0412048139035, "actually_ride_bike": 19.474835821574818, "stranded_passengers": 144.87462646014492, "want_to_drive_car": 14.08055024416664, "want_to_ride_bike": 19.474835821574818, "walking": 1.1030643920911303, "actually_drive_car": 0}, "Poppenbüttel": {"actually_use_public_transport": 3.3539953430496774, "want_to_use_public_transport": 3.3539953430496774, "actually_ride_bike": 0.0, "stranded_passengers": 46.64342001705827, "want_to_drive_car": 0.0, "want_to_ride_bike": 0.0, "walking": 0.07703479296868758, "actually_drive_car": 0.0}, "Lübecker Straße": {"actually_use_public_transport": 31.893201502099163, "want_to_use_public_transport": 31.893201502099163, "actually_ride_bike": 17.28203676192613, "stranded_passengers": 78.4611167578694, "want_to_drive_car": 9.465052234430953, "want_to_ride_bike": 17.28203676192613, "walking": 0.6414421630450808, "actually_drive_car": 0}, "Diebsteich": {"actually_use_public_transport": 19.814816822143236, "want_to_use_public_transport": 19.814816822143236, "actually_ride_bike": 9.69429397851102, "stranded_passengers": 45.70202160425209, "want_to_drive_car": 6.851211433191029, "want_to_ride_bike": 9.69429397851102, "walking": 0.2998181837519282, "actually_drive_car": 3}, "Steinfurther Allee": {"actually_use_public_transport": 8.19375795798765, "want_to_use_public_transport": 8.19375795798765, "actually_ride_bike": 0.0, "stranded_passengers": 165.5296947517874, "want_to_drive_car": 0.0, "want_to_ride_bike": 0.0, "walking": 0.5683910740391028, "actually_drive_car": 0.0}}
